Category,ChildrenEverBorn,ChildrenDied,DeathPercentage
15 - 19,45558,1016,2.230124237
20 – 24,383292,8479,2.212151571
25 - 29,689030,17082,2.479137338
30 - 34,822322,26029,3.165305075
35 - 39,942679,36981,3.922968476
40 - 44,881117,43764,4.966877271
45 - 49,797789,47440,5.946434458